{"epoch": 1331, "loss": 0.04777026176452637, "_timestamp": 1669129278.9323702, "_runtime": 403.86246728897095, "_step": 1330, "_wandb": {"runtime": 406}}