{"epoch": 83, "loss": NaN, "_timestamp": 1669746067.8550615, "_runtime": 4.579444646835327, "_step": 82, "_wandb": {"runtime": 5}}