{"epoch": 870, "loss": 0.0005078058457002044, "_timestamp": 1669658383.6923556, "_runtime": 105.8685257434845, "_step": 869, "_wandb": {"runtime": 105}}