{"epoch": 120, "loss": 0.16176946461200714, "_timestamp": 1669746311.2595832, "_runtime": 10.514711141586304, "_step": 119}