{"epoch": 153, "loss": 29.959333419799805, "_timestamp": 1669140435.9695811, "_runtime": 23.94370722770691, "_step": 152, "_wandb": {"runtime": 24}}