{"epoch": 249, "loss": 0.12792320549488068, "_timestamp": 1668718905.974894, "_runtime": 16.12371301651001, "_step": 248}