{"epoch": 2678, "loss": 0.012844836339354515, "_timestamp": 1669235222.790899, "_runtime": 323.87799310684204, "_step": 2677, "_wandb": {"runtime": 325}}