{"epoch": 6000, "loss": 0.0020581381395459175, "_timestamp": 1669217704.7103767, "_runtime": 1838.3861846923828, "_step": 5999, "_wandb": {"runtime": 4766}}