{"epoch": 5933, "loss": 1.1571345339689287e-06, "_timestamp": 1669743941.2515693, "_runtime": 406.8307943344116, "_step": 5932, "_wandb": {"runtime": 407}}