{"epoch": 8000, "loss": 6.893357067383477e-07, "_timestamp": 1669819321.6426008, "_runtime": 666.9639537334442, "_step": 7999}