{"epoch": 246, "loss": 0.0007709336350671947, "_timestamp": 1669743388.4618206, "_runtime": 31.174713611602783, "_step": 245, "_wandb": {"runtime": 30}}