{"epoch": 3875, "loss": 4.6364225454453845e-06, "_timestamp": 1670260567.4683871, "_runtime": 335.12463116645813, "_step": 3874, "_wandb": {"runtime": 335}}