{"epoch": 7444, "loss": 3.9999289924708137e-07, "_timestamp": 1670262577.2799795, "_runtime": 624.0238103866577, "_step": 7443, "_wandb": {"runtime": 639}}