{"epoch": 8000, "loss": 0.006617037113755941, "_timestamp": 1669212369.4237602, "_runtime": 1243.719472169876, "_step": 7999, "_wandb": {"runtime": 1250}}