{"epoch": 8000, "loss": 6.584150924027199e-06, "_timestamp": 1669907708.176841, "_runtime": 1227.5913970470428, "_step": 7999, "_wandb": {"runtime": 1229}}