{"epoch": 8000, "loss": 1.3334400819076109e-06, "_timestamp": 1670252882.0200024, "_runtime": 685.449871301651, "_step": 7999, "_wandb": {"runtime": 686}}