{"epoch": 4000, "loss": 1.0883674406159116e-07, "_timestamp": 1669913087.7283845, "_runtime": 343.49856758117676, "_step": 3999, "_wandb": {"runtime": 574}}