{"epoch": 2230, "loss": 0.019949164241552353, "_timestamp": 1669126854.8096914, "_runtime": 711.1964063644409, "_step": 2229, "_wandb": {"runtime": 738}}