{"epoch": 8000, "loss": 3.216704840269813e-07, "_timestamp": 1669659741.5536408, "_runtime": 507.9187579154968, "_step": 7999, "_wandb": {"runtime": 2602}}