{"epoch": 3555, "loss": 0.006073364522308111, "_timestamp": 1668719243.7128108, "_runtime": 171.27065181732178, "_step": 3554, "_wandb": {"runtime": 171}}