{"epoch": 5832, "loss": 0.0035294436383992434, "_timestamp": 1669139739.534407, "_runtime": 2844.223881006241, "_step": 5831}