{"epoch": 17, "loss": 1.7287307977676392, "_timestamp": 1668718874.1904993, "_runtime": 3.581956386566162, "_step": 16, "_wandb": {"runtime": 13}}