{"epoch": 7000, "loss": 2.556994047608896e-07, "_timestamp": 1670254111.2013266, "_runtime": 796.5010256767273, "_step": 6999, "_wandb": {"runtime": 6911}}