{"epoch": 5283, "loss": 5.476616934174672e-06, "_timestamp": 1669817790.7349732, "_runtime": 533.6253521442413, "_step": 5282, "_wandb": {"runtime": 747}}