{"epoch": 1768, "loss": 9.797188977245241e-05, "_timestamp": 1669662704.2788606, "_runtime": 859.4900436401367, "_step": 1767}