{"epoch": 24, "loss": 69.21123504638672, "_timestamp": 1669140402.6436827, "_runtime": 42.25699281692505, "_step": 23, "_wandb": {"runtime": 44}}