{"epoch": 8000, "loss": 8.319391895383887e-07, "_timestamp": 1669921957.0316014, "_runtime": 933.9397704601288, "_step": 7999, "_wandb": {"runtime": 937}}