{"epoch": 5083, "loss": 0.003479953156784177, "_timestamp": 1669235883.6696858, "_runtime": 614.0013449192047, "_step": 5082}