{"epoch": 8000, "loss": 8.022244401217904e-06, "_timestamp": 1669915806.131604, "_runtime": 938.8082909584045, "_step": 7999, "_wandb": {"runtime": 6149}}