{"epoch": 8000, "loss": 0.00014694388664793223, "_timestamp": 1670261699.359356, "_runtime": 911.9704489707947, "_step": 7999, "_wandb": {"runtime": 1158}}