{"epoch": 6361, "loss": 2.6226309728372144e-06, "_timestamp": 1669818603.6683226, "_runtime": 592.0814936161041, "_step": 6360}