{"epoch": 614, "loss": 6.596069579245523e-05, "_timestamp": 1670268775.329948, "_runtime": 58.523207902908325, "_step": 613}