{"epoch": 725, "loss": 0.005609084386378527, "_timestamp": 1669743489.6556723, "_runtime": 53.83278226852417, "_step": 724, "_wandb": {"runtime": 52}}