{"epoch": 8000, "loss": 6.476630005636252e-07, "_timestamp": 1669904189.3868256, "_runtime": 774.591935634613, "_step": 7999, "_wandb": {"runtime": 877}}