{"epoch": 18, "loss": 0.3147982954978943, "_timestamp": 1669743423.6786442, "_runtime": 2.842642068862915, "_step": 17, "_wandb": {"runtime": 8}}