{"epoch": 8000, "loss": 6.893357067383477e-07, "_timestamp": 1669749747.9085453, "_runtime": 676.3261132240295, "_step": 7999}