{"epoch": 1015, "loss": 0.049267400056123734, "_timestamp": 1669124232.8173246, "_runtime": 142.06294059753418, "_step": 1014}