{"epoch": 8000, "loss": 5.733255648010527e-07, "_timestamp": 1669912507.3318186, "_runtime": 903.3959355354309, "_step": 7999, "_wandb": {"runtime": 1086}}