{"epoch": 8000, "loss": 1.2307664576383104e-07, "_timestamp": 1670248095.4625492, "_runtime": 895.2546291351318, "_step": 7999, "_wandb": {"runtime": 1192}}