{"epoch": 85, "loss": 0.24512715637683868, "_timestamp": 1669746331.2640579, "_runtime": 7.818598985671997, "_step": 84, "_wandb": {"runtime": 8}}