{"epoch": 8000, "loss": 2.9016632652201224e-07, "_timestamp": 1669902889.7077072, "_runtime": 756.223827123642, "_step": 7999, "_wandb": {"runtime": 757}}