{"epoch": 7207, "loss": 1.0792244211188518e-05, "_timestamp": 1669816445.1113498, "_runtime": 622.6895637512207, "_step": 7206, "_wandb": {"runtime": 623}}