{"epoch": 1006, "loss": 0.0005580956931225955, "_timestamp": 1669658586.4756405, "_runtime": 119.2871265411377, "_step": 1005, "_wandb": {"runtime": 200}}