{"epoch": 8000, "loss": 3.36932425852865e-05, "_timestamp": 1669906055.587372, "_runtime": 832.4192111492157, "_step": 7999, "_wandb": {"runtime": 1211}}