{"epoch": 188, "loss": 0.02013407275080681, "_timestamp": 1669925621.8859122, "_runtime": 50.37837028503418, "_step": 187}