{"epoch": 158, "loss": 0.0008160225115716457, "_timestamp": 1669912736.1924965, "_runtime": 39.221850633621216, "_step": 157, "_wandb": {"runtime": 38}}