{"epoch": 7367, "loss": 6.376571377586515e-07, "_timestamp": 1669659145.6856492, "_runtime": 471.94532227516174, "_step": 7366, "_wandb": {"runtime": 471}}