{"epoch": 6000, "loss": 0.001918389811180532, "_timestamp": 1669143261.884119, "_runtime": 949.2610011100769, "_step": 5999, "_wandb": {"runtime": 1102}}