{"epoch": 1, "loss": 0.25587937235832214, "_timestamp": 1669141715.6793282, "_runtime": 0.9142491817474365, "_step": 0, "_wandb": {"runtime": 1}}