{"epoch": 1, "loss": 0.25587937235832214, "_timestamp": 1669142138.0786846, "_runtime": 1.9236035346984863, "_step": 0, "_wandb": {"runtime": 3}}