{"epoch": 1, "loss": 0.25587937235832214, "_timestamp": 1669141939.2551384, "_runtime": 1.9786484241485596, "_step": 0, "_wandb": {"runtime": 5}}