{"epoch": 8000, "loss": 6.520714350699564e-07, "_timestamp": 1670249456.9208019, "_runtime": 1057.8397319316864, "_step": 7999, "_wandb": {"runtime": 1059}}