{"epoch": 8000, "loss": 0.006917789578437805, "_timestamp": 1669923712.9198797, "_runtime": 665.7137427330017, "_step": 7999, "_wandb": {"runtime": 924}}