{"epoch": 6000, "loss": 0.015296145342290401, "_timestamp": 1669132680.6256957, "_runtime": 1927.779061794281, "_step": 5999, "_wandb": {"runtime": 4925}}