{"epoch": 8000, "loss": 5.574556212195603e-07, "_timestamp": 1669747122.7867503, "_runtime": 488.37371826171875, "_step": 7999, "_wandb": {"runtime": 489}}