{"epoch": 2093, "loss": 0.014314956963062286, "_timestamp": 1668719050.983316, "_runtime": 102.65643501281738, "_step": 2092, "_wandb": {"runtime": 118}}