{"epoch": 8000, "loss": 4.1732747035894135e-07, "_timestamp": 1669744721.7586198, "_runtime": 500.7649528980255, "_step": 7999, "_wandb": {"runtime": 1579}}