{"epoch": 1774, "loss": 0.05000968277454376, "_timestamp": 1668719728.698168, "_runtime": 217.1841061115265, "_step": 1773, "_wandb": {"runtime": 217}}