{"epoch": 2480, "loss": 0.035678692162036896, "_timestamp": 1669136184.2925804, "_runtime": 500.57937932014465, "_step": 2479, "_wandb": {"runtime": 500}}