{"epoch": 2478, "loss": 0.18175242841243744, "_timestamp": 1668720062.706074, "_runtime": 324.5776219367981, "_step": 2477}