{"epoch": 2040, "loss": 0.004316972568631172, "_timestamp": 1668719478.23155, "_runtime": 197.21192288398743, "_step": 2039, "_wandb": {"runtime": 225}}