{"epoch": 21, "loss": 69.63151550292969, "_timestamp": 1669140476.6996987, "_runtime": 5.2170796394348145, "_step": 20, "_wandb": {"runtime": 1237}}