{"epoch": 8000, "loss": 3.65393134416081e-07, "_timestamp": 1670268554.3615754, "_runtime": 678.2270612716675, "_step": 7999}