{"epoch": 8000, "loss": 0.001698373118415475, "_timestamp": 1669223061.975592, "_runtime": 2422.5545427799225, "_step": 7999}