{"epoch": 8000, "loss": 1.7294749454777048e-07, "_timestamp": 1670251946.9209487, "_runtime": 673.3798978328705, "_step": 7999, "_wandb": {"runtime": 915}}