{"epoch": 8000, "loss": 4.751726009999402e-05, "_timestamp": 1670266500.1245701, "_runtime": 905.2372262477875, "_step": 7999, "_wandb": {"runtime": 1707}}