{"epoch": 8000, "loss": 6.088248028390808e-06, "_timestamp": 1669905068.233653, "_runtime": 769.6814730167389, "_step": 7999, "_wandb": {"runtime": 769}}