{"epoch": 11, "loss": 2.473029613494873, "_timestamp": 1668718937.8046653, "_runtime": 1.6283674240112305, "_step": 10, "_wandb": {"runtime": 2}}