{"epoch": 5804, "loss": 0.0016021868214011192, "_timestamp": 1669128729.35805, "_runtime": 1839.3592040538788, "_step": 5803, "_wandb": {"runtime": 1842}}