{"epoch": 817, "loss": 0.0007476239115931094, "_timestamp": 1670247144.32831, "_runtime": 213.207200050354, "_step": 816, "_wandb": {"runtime": 213}}