{"epoch": 171, "loss": NaN, "_timestamp": 1669745936.4247649, "_runtime": 7.70458197593689, "_step": 170, "_wandb": {"runtime": 8}}