{"epoch": 8000, "loss": 1.7294749454777048e-07, "_timestamp": 1670250340.7105203, "_runtime": 678.726270198822, "_step": 7999, "_wandb": {"runtime": 685}}