{"epoch": 146, "loss": 0.08695399761199951, "_timestamp": 1669743517.7900212, "_runtime": 12.358789205551147, "_step": 145, "_wandb": {"runtime": 23}}