{"epoch": 6000, "loss": 0.0037255159113556147, "_timestamp": 1669125026.106535, "_runtime": 773.021430015564, "_step": 5999, "_wandb": {"runtime": 776}}