{"epoch": 1, "loss": 0.25587937235832214, "_timestamp": 1669141789.6739068, "_runtime": 10.901885747909546, "_step": 0, "_wandb": {"runtime": 6}}