{"epoch": 8000, "loss": 4.2769872266035236e-07, "_timestamp": 1669914209.57581, "_runtime": 885.3908128738403, "_step": 7999, "_wandb": {"runtime": 885}}