{"epoch": 5283, "loss": 5.476616934174672e-06, "_timestamp": 1669817224.6342754, "_runtime": 531.6030514240265, "_step": 5282, "_wandb": {"runtime": 532}}