{"epoch": 1341, "loss": 0.007339262869209051, "_timestamp": 1669924268.8133333, "_runtime": 291.87487030029297, "_step": 1340, "_wandb": {"runtime": 292}}