{"epoch": 238, "loss": 0.030234089121222496, "_timestamp": 1669746148.8393078, "_runtime": 18.85125470161438, "_step": 237, "_wandb": {"runtime": 133}}