{"epoch": 7279, "loss": 0.00407674815505743, "_timestamp": 1669215708.8488977, "_runtime": 3258.4902296066284, "_step": 7278}