{"epoch": 5912, "loss": 3.4183543107246805e-07, "_timestamp": 1670267799.9207585, "_runtime": 490.77810549736023, "_step": 5911, "_wandb": {"runtime": 492}}