{"epoch": 1130, "loss": 0.0201933104544878, "_timestamp": 1669136879.2595127, "_runtime": 685.4177765846252, "_step": 1129, "_wandb": {"runtime": 696}}