{"epoch": 4434, "loss": 0.010374481789767742, "_timestamp": 1669144173.1730323, "_runtime": 751.1368622779846, "_step": 4433}