{"epoch": 37, "loss": 0.3057297468185425, "_timestamp": 1669746276.4902427, "_runtime": 4.39725661277771, "_step": 36, "_wandb": {"runtime": 4}}