{"epoch": 134, "loss": 0.03525899350643158, "_timestamp": 1669215857.4093425, "_runtime": 45.53868651390076, "_step": 133, "_wandb": {"runtime": 46}}