{"epoch": 4602, "loss": 0.02216561883687973, "_timestamp": 1669130726.1788588, "_runtime": 1438.4401588439941, "_step": 4601, "_wandb": {"runtime": 1439}}